{
  "project_info": {
    "project_number": "997992698150",
    "project_id": "login-demo-4e4a3",
    "storage_bucket": "login-demo-4e4a3.appspot.com"
  },
  "client": [
    {
      "client_info": {
        "mobilesdk_app_id": "1:997992698150:android:12d91df6aba61b227cf1e7",
        "android_client_info": {
          "package_name": "com.example.login"
        }
      },
      "oauth_client": [
        {
          "client_id": "997992698150-ej5uqqd2grceksj20bhb7lsrnijhp1sq.apps.googleusercontent.com",
          "client_type": 3
        }
      ],
      "api_key": [
        {
          "current_key": "AIzaSyD4DonP4bMY91JZJ5jKZPeoqDCCdao-TSU"
        }
      ],
      "services": {
        "appinvite_service": {
          "other_platform_oauth_client": [
            {
              "client_id": "997992698150-ej5uqqd2grceksj20bhb7lsrnijhp1sq.apps.googleusercontent.com",
              "client_type": 3
            },
            {
              "client_id": "997992698150-2fcam0pmiin36cfcub4kteh0phs6ofku.apps.googleusercontent.com",
              "client_type": 2,
              "ios_info": {
                "bundle_id": "com.example.login"
              }
            }
          ]
        }
      }
    }
  ],
  "configuration_version": "1"
}